MGE	MAG	Total Signal	Signal rate	Interacting Contigs
MetaTOR_MGE_00103       	metator_00013_00000     	0.182159	100.00	15
MetaTOR_MGE_00064       	metator_00025_00000     	0.734165	98.55	134
MetaTOR_MGE_00105       	metator_00018_00001     	0.294598	97.17	92
MetaTOR_MGE_00107       	metator_00025_00000     	0.254028	95.54	110
MetaTOR_MGE_00078       	metator_00030_00000     	1.544697	96.34	84
MetaTOR_MGE_00108       	metator_00005_00003     	0.044946	90.48	11
MetaTOR_MGE_00021       	metator_00027_00003     	1.150401	58.41	42
MetaTOR_MGE_00021       	metator_00027_00001     	0.510989	25.94	33
MetaTOR_MGE_00021       	metator_00027_00004     	0.285260	14.48	12
MetaTOR_MGE_00109       	metator_00027_00004     	0.052985	77.95	7
MetaTOR_MGE_00046       	metator_00030_00000     	1.640634	97.80	71
MetaTOR_MGE_00110       	metator_00007_00000     	0.948335	99.58	59
MetaTOR_MGE_00089       	metator_00025_00000     	2.003562	97.92	148
MetaTOR_MGE_00039       	metator_00005_00001     	0.760557	29.96	125
MetaTOR_MGE_00039       	metator_00005_00002     	0.907693	35.75	66
MetaTOR_MGE_00039       	metator_00005_00003     	0.528330	20.81	45
MetaTOR_MGE_00039       	metator_00005_00004     	0.324375	12.78	37
MetaTOR_MGE_00095       	metator_00024_00000     	0.280773	91.43	21
MetaTOR_MGE_00042       	metator_00061_00000     	0.852401	99.24	66
MetaTOR_MGE_00111       	metator_00007_00000     	1.018586	99.55	39
MetaTOR_MGE_00112       	metator_00033_00000     	0.221626	99.09	42
MetaTOR_MGE_00113       	metator_00007_00000     	1.159387	100.00	78
MetaTOR_MGE_00115       	metator_00005_00002     	0.136138	95.15	26
MetaTOR_MGE_00116       	metator_00027_00006     	0.066160	90.13	12
MetaTOR_MGE_00022       	metator_00030_00000     	3.589937	97.65	80
MetaTOR_MGE_00013       	metator_00005_00002     	3.020092	51.27	75
MetaTOR_MGE_00013       	metator_00005_00004     	1.882090	31.95	42
MetaTOR_MGE_00013       	metator_00005_00003     	0.899214	15.27	49
MetaTOR_MGE_00117       	metator_00027_00006     	0.314868	90.70	42
MetaTOR_MGE_00118       	metator_00016_00000     	0.633403	99.45	22
MetaTOR_MGE_00036       	metator_00028_00001     	0.624734	25.92	10
MetaTOR_MGE_00036       	metator_00028_00002     	1.376543	57.12	29
MetaTOR_MGE_00036       	metator_00028_00003     	0.355338	14.75	10
MetaTOR_MGE_00119       	metator_00002_00003     	0.185339	87.57	46
MetaTOR_MGE_00120       	metator_00002_00003     	0.386603	79.95	105
MetaTOR_MGE_00120       	metator_00002_00004     	0.063033	13.04	50
MetaTOR_MGE_00010       	metator_00005_00001     	1.505444	98.36	120
MetaTOR_MGE_00043       	metator_00007_00000     	3.561128	99.66	196
MetaTOR_MGE_00090       	metator_00033_00000     	0.988341	98.97	93
MetaTOR_MGE_00050       	metator_00013_00000     	2.020641	99.64	97
MetaTOR_MGE_00037       	metator_00033_00000     	3.376700	98.79	115
MetaTOR_MGE_00002       	metator_00035_00000     	0.004243	13.39	5
MetaTOR_MGE_00087       	metator_00002_00004     	0.367521	18.28	74
MetaTOR_MGE_00087       	metator_00002_00003     	1.540725	76.65	120
MetaTOR_MGE_00122       	metator_00022_00000     	0.264113	100.00	56
MetaTOR_MGE_00123       	metator_00028_00004     	0.083084	96.90	26
MetaTOR_MGE_00001       	metator_00052_00000     	1.265399	98.88	94
MetaTOR_MGE_00045       	metator_00002_00004     	2.377034	53.94	87
MetaTOR_MGE_00045       	metator_00002_00003     	1.653914	37.53	130
MetaTOR_MGE_00124       	metator_00027_00005     	0.797492	95.28	104
MetaTOR_MGE_00125       	metator_00001_00000     	0.198095	98.85	38
MetaTOR_MGE_00126       	metator_00022_00000     	0.106150	100.00	37
MetaTOR_MGE_00127       	metator_00009_00003     	0.119381	58.60	10
MetaTOR_MGE_00127       	metator_00009_00002     	0.065878	32.34	12
MetaTOR_MGE_00130       	metator_00024_00000     	0.316748	98.79	17
MetaTOR_MGE_00018       	metator_00027_00003     	0.482715	89.75	33
MetaTOR_MGE_00131       	metator_00002_00004     	0.032209	12.45	27
MetaTOR_MGE_00131       	metator_00002_00003     	0.209501	80.95	79
MetaTOR_MGE_00051       	metator_00030_00000     	0.512526	96.37	64
MetaTOR_MGE_00044       	metator_00005_00002     	0.394615	17.11	57
MetaTOR_MGE_00044       	metator_00005_00003     	1.729065	74.97	47
MetaTOR_MGE_00027       	metator_00033_00000     	0.347389	99.31	45
MetaTOR_MGE_00132       	metator_00007_00000     	0.653384	99.21	10
MetaTOR_MGE_00133       	metator_00033_00000     	0.130385	98.46	27
MetaTOR_MGE_00033       	metator_00033_00000     	0.527399	99.14	70
MetaTOR_MGE_00134       	metator_00016_00000     	0.398315	100.00	18
MetaTOR_MGE_00020       	metator_00002_00002     	0.624311	93.72	97
MetaTOR_MGE_00059       	metator_00027_00006     	0.226249	25.61	41
MetaTOR_MGE_00059       	metator_00027_00002     	0.643018	72.80	34
MetaTOR_MGE_00093       	metator_00024_00000     	0.355300	93.60	21
MetaTOR_MGE_00136       	metator_00047_00000     	0.257365	99.07	29
MetaTOR_MGE_00008       	metator_00007_00000     	25.263550	99.74	968
MetaTOR_MGE_00137       	metator_00002_00004     	0.254508	76.91	58
MetaTOR_MGE_00137       	metator_00002_00003     	0.060381	18.25	55
MetaTOR_MGE_00138       	metator_00059_00000     	0.346410	99.68	75
MetaTOR_MGE_00139       	metator_00028_00001     	0.135610	32.06	10
MetaTOR_MGE_00139       	metator_00028_00002     	0.044032	10.41	17
MetaTOR_MGE_00139       	metator_00028_00003     	0.227229	53.72	9
MetaTOR_MGE_00088       	metator_00033_00000     	0.890974	99.35	90
MetaTOR_MGE_00140       	metator_00007_00000     	0.788842	100.00	10
MetaTOR_MGE_00062       	metator_00033_00000     	0.601329	99.82	58
MetaTOR_MGE_00003       	metator_00010_00000     	0.714176	87.48	33
MetaTOR_MGE_00141       	metator_00005_00001     	0.728872	96.72	119
MetaTOR_MGE_00054       	metator_00027_00002     	0.954068	90.52	38
MetaTOR_MGE_00142       	metator_00005_00003     	0.412949	76.48	44
MetaTOR_MGE_00142       	metator_00005_00004     	0.073288	13.57	28
MetaTOR_MGE_00053       	metator_00033_00000     	1.490880	99.43	85
MetaTOR_MGE_00143       	metator_00007_00000     	0.924965	100.00	7
MetaTOR_MGE_00144       	metator_00007_00000     	0.602912	100.00	9
MetaTOR_MGE_00145       	metator_00018_00003     	0.789993	97.24	60
MetaTOR_MGE_00094       	metator_00005_00001     	0.232243	32.12	81
MetaTOR_MGE_00094       	metator_00027_00004     	0.090724	12.55	11
MetaTOR_MGE_00094       	metator_00005_00003     	0.293446	40.58	40
MetaTOR_MGE_00100       	metator_00059_00000     	1.060744	99.78	123
MetaTOR_MGE_00077       	metator_00096_00000     	0.543014	96.60	33
MetaTOR_MGE_00058       	metator_00096_00000     	0.995739	97.70	35
MetaTOR_MGE_00149       	metator_00028_00002     	0.019580	85.17	5
MetaTOR_MGE_00067       	metator_00027_00001     	0.904842	86.58	42
MetaTOR_MGE_00063       	metator_00002_00004     	1.089736	32.42	84
MetaTOR_MGE_00063       	metator_00002_00003     	1.964756	58.45	133
MetaTOR_MGE_00026       	metator_00016_00000     	0.727652	99.32	33
MetaTOR_MGE_00014       	metator_00002_00003     	1.276618	77.65	118
MetaTOR_MGE_00014       	metator_00002_00004     	0.249723	15.19	69
MetaTOR_MGE_00030       	metator_00027_00003     	0.505426	63.34	33
MetaTOR_MGE_00030       	metator_00027_00001     	0.254541	31.90	35
MetaTOR_MGE_00025       	metator_00027_00006     	0.970086	91.73	55
MetaTOR_MGE_00066       	metator_00001_00000     	0.365105	98.73	133
MetaTOR_MGE_00151       	metator_00030_00000     	0.441813	94.73	75
MetaTOR_MGE_00152       	metator_00059_00000     	0.431851	98.38	100
MetaTOR_MGE_00047       	metator_00027_00003     	0.948066	63.80	37
MetaTOR_MGE_00047       	metator_00027_00004     	0.395355	26.61	11
MetaTOR_MGE_00153       	metator_00007_00000     	0.672722	100.00	13
MetaTOR_MGE_00154       	metator_00007_00000     	0.590536	100.00	8
MetaTOR_MGE_00155       	metator_00022_00000     	0.171404	100.00	20
MetaTOR_MGE_00102       	metator_00027_00005     	1.437209	96.81	105
MetaTOR_MGE_00074       	metator_00002_00003     	3.215592	75.18	136
MetaTOR_MGE_00074       	metator_00002_00004     	0.721456	16.87	76
MetaTOR_MGE_00157       	metator_00096_00000     	0.296924	96.83	33
MetaTOR_MGE_00159       	metator_00016_00000     	0.828625	99.72	67
MetaTOR_MGE_00007       	metator_00016_00000     	0.638383	99.73	20
MetaTOR_MGE_00079       	metator_00002_00004     	0.265385	28.26	68
MetaTOR_MGE_00079       	metator_00002_00003     	0.612508	65.22	115
MetaTOR_MGE_00162       	metator_00059_00000     	0.345687	96.83	78
MetaTOR_MGE_00164       	metator_00022_00000     	0.377750	99.72	46
MetaTOR_MGE_00165       	metator_00002_00002     	0.232571	95.61	73
MetaTOR_MGE_00166       	metator_00018_00003     	0.269802	95.43	48
MetaTOR_MGE_00167       	metator_00007_00000     	1.110673	99.78	35
MetaTOR_MGE_00168       	metator_00027_00006     	0.225601	94.44	31
MetaTOR_MGE_00006       	metator_00096_00000     	1.274418	97.76	41
MetaTOR_MGE_00170       	metator_00018_00001     	0.153303	94.43	75
MetaTOR_MGE_00172       	metator_00027_00002     	0.032910	50.95	10
MetaTOR_MGE_00173       	metator_00033_00000     	0.270086	99.37	47
MetaTOR_MGE_00056       	metator_00022_00000     	0.771100	99.75	148
MetaTOR_MGE_00174       	metator_00007_00000     	0.959104	100.00	11
MetaTOR_MGE_00034       	metator_00005_00002     	0.583862	86.24	62
MetaTOR_MGE_00073       	metator_00007_00000     	2.769775	99.88	175
MetaTOR_MGE_00175       	metator_00007_00000     	0.930892	95.29	42
MetaTOR_MGE_00176       	metator_00064_00001     	0.094754	100.00	9
MetaTOR_MGE_00177       	metator_00064_00001     	0.072869	100.00	15
MetaTOR_MGE_00178       	metator_00033_00000     	0.376976	99.64	68
MetaTOR_MGE_00180       	metator_00005_00003     	0.035345	79.89	13
MetaTOR_MGE_00180       	metator_00005_00002     	0.007835	17.71	5
MetaTOR_MGE_00009       	metator_00028_00001     	0.147234	20.15	10
MetaTOR_MGE_00009       	metator_00028_00002     	0.128589	17.60	19
MetaTOR_MGE_00009       	metator_00028_00003     	0.445621	61.00	10
MetaTOR_MGE_00181       	metator_00013_00000     	0.466738	99.66	31
MetaTOR_MGE_00183       	metator_00052_00000     	0.116863	99.81	41
MetaTOR_MGE_00097       	metator_00002_00002     	2.264186	93.88	132
MetaTOR_MGE_00184       	metator_00007_00000     	0.834013	99.95	24
MetaTOR_MGE_00185       	metator_00061_00000     	0.047890	100.00	17
MetaTOR_MGE_00186       	metator_00005_00001     	0.147215	99.95	53
MetaTOR_MGE_00188       	metator_00064_00002     	0.494462	98.50	41
MetaTOR_MGE_00189       	metator_00022_00000     	0.188133	99.81	51
MetaTOR_MGE_00038       	metator_00025_00000     	0.883294	98.29	133
MetaTOR_MGE_00190       	metator_00009_00003     	0.128251	65.42	11
MetaTOR_MGE_00190       	metator_00009_00002     	0.059951	30.58	9
MetaTOR_MGE_00191       	metator_00022_00000     	0.133606	100.00	22
MetaTOR_MGE_00192       	metator_00018_00001     	0.114945	97.46	58
MetaTOR_MGE_00193       	metator_00018_00001     	0.132521	95.06	65
MetaTOR_MGE_00068       	metator_00025_00000     	0.918407	98.40	133
MetaTOR_MGE_00032       	metator_00002_00004     	0.576642	18.10	74
MetaTOR_MGE_00032       	metator_00002_00003     	2.425154	76.12	126
MetaTOR_MGE_00196       	metator_00027_00006     	0.276587	96.28	32
MetaTOR_MGE_00085       	metator_00007_00000     	1.773408	99.74	87
MetaTOR_MGE_00197       	metator_00096_00000     	0.238249	96.08	30
MetaTOR_MGE_00019       	metator_00002_00002     	0.785155	93.11	90
MetaTOR_MGE_00199       	metator_00096_00000     	0.184216	100.00	14
MetaTOR_MGE_00200       	metator_00082_00000     	1.018504	99.58	41
MetaTOR_MGE_00201       	metator_00027_00005     	0.048086	100.00	9
MetaTOR_MGE_00205       	metator_00007_00000     	0.847853	99.43	12
MetaTOR_MGE_00206       	metator_00007_00000     	0.830147	99.93	45
MetaTOR_MGE_00207       	metator_00035_00000     	0.180967	93.74	20
MetaTOR_MGE_00208       	metator_00064_00003     	0.341884	91.17	31
MetaTOR_MGE_00209       	metator_00016_00000     	0.214042	100.00	13
MetaTOR_MGE_00210       	metator_00025_00000     	0.330302	98.82	111
MetaTOR_MGE_00017       	metator_00014_00000     	2.000508	99.53	81
MetaTOR_MGE_00211       	metator_00030_00000     	0.309737	97.77	63
MetaTOR_MGE_00212       	metator_00059_00000     	0.484938	98.77	114
MetaTOR_MGE_00213       	metator_00024_00000     	0.292756	94.49	22
MetaTOR_MGE_00214       	metator_00002_00002     	0.204132	93.74	67
MetaTOR_MGE_00215       	metator_00013_00000     	0.218576	99.78	27
MetaTOR_MGE_00216       	metator_00025_00000     	0.905090	98.11	143
MetaTOR_MGE_00217       	metator_00007_00000     	0.848299	100.00	12
MetaTOR_MGE_00220       	metator_00013_00000     	0.284839	100.00	10
MetaTOR_MGE_00221       	metator_00007_00000     	1.300853	99.75	69
MetaTOR_MGE_00222       	metator_00013_00000     	0.289139	100.00	10
MetaTOR_MGE_00223       	metator_00007_00000     	0.590799	99.66	18
MetaTOR_MGE_00028       	metator_00027_00001     	0.151675	18.29	26
MetaTOR_MGE_00028       	metator_00027_00004     	0.594694	71.70	13
MetaTOR_MGE_00225       	metator_00033_00000     	0.158224	98.79	33
MetaTOR_MGE_00226       	metator_00013_00000     	0.224097	100.00	12
MetaTOR_MGE_00227       	metator_00002_00002     	0.130162	92.95	54
MetaTOR_MGE_00229       	metator_00016_00000     	0.412664	100.00	6
MetaTOR_MGE_00230       	metator_00018_00003     	0.304387	98.40	54
MetaTOR_MGE_00232       	metator_00007_00000     	0.685442	100.00	12
MetaTOR_MGE_00016       	metator_00022_00000     	0.798268	99.89	128
MetaTOR_MGE_00233       	metator_00022_00000     	0.080181	55.20	35
MetaTOR_MGE_00233       	metator_00029_00001     	0.064805	44.62	16
MetaTOR_MGE_00234       	metator_00007_00000     	0.989062	99.79	47
MetaTOR_MGE_00235       	metator_00022_00000     	0.272772	99.82	72
MetaTOR_MGE_00236       	metator_00096_00000     	0.077347	99.54	15
MetaTOR_MGE_00091       	metator_00001_00000     	0.764274	99.14	161
MetaTOR_MGE_00237       	metator_00059_00000     	0.168780	98.15	37
MetaTOR_MGE_00239       	metator_00028_00005     	0.097692	93.22	14
MetaTOR_MGE_00240       	metator_00007_00000     	0.652616	99.64	27
MetaTOR_MGE_00041       	metator_00033_00000     	1.819987	98.16	93
MetaTOR_MGE_00004       	metator_00027_00005     	1.332521	97.77	98
MetaTOR_MGE_00243       	metator_00016_00000     	0.575052	100.00	17
MetaTOR_MGE_00244       	metator_00024_00000     	0.335379	96.88	21
MetaTOR_MGE_00246       	metator_00001_00000     	0.420692	98.02	170
MetaTOR_MGE_00083       	metator_00002_00004     	0.964952	73.50	79
MetaTOR_MGE_00083       	metator_00002_00003     	0.302520	23.04	105
MetaTOR_MGE_00248       	metator_00001_00000     	0.480551	97.81	157
MetaTOR_MGE_00249       	metator_00002_00004     	0.094529	17.67	60
MetaTOR_MGE_00249       	metator_00002_00003     	0.396725	74.18	100
MetaTOR_MGE_00250       	metator_00016_00000     	0.491901	100.00	22
MetaTOR_MGE_00029       	metator_00033_00000     	1.592128	99.18	90
MetaTOR_MGE_00251       	metator_00002_00004     	0.169024	49.48	60
MetaTOR_MGE_00251       	metator_00002_00003     	0.133066	38.95	87
MetaTOR_MGE_00252       	metator_00027_00006     	0.041421	23.73	28
MetaTOR_MGE_00252       	metator_00027_00002     	0.114340	65.51	27
MetaTOR_MGE_00082       	metator_00030_00000     	0.469996	96.29	70
MetaTOR_MGE_00086       	metator_00008_00000     	0.528284	98.95	74
MetaTOR_MGE_00253       	metator_00007_00000     	0.975689	99.82	25
MetaTOR_MGE_00254       	metator_00005_00001     	0.582515	98.14	106
MetaTOR_MGE_00256       	metator_00002_00002     	0.910274	93.63	117
MetaTOR_MGE_00257       	metator_00022_00000     	0.073512	99.60	26
MetaTOR_MGE_00260       	metator_00007_00000     	0.969978	99.14	51
MetaTOR_MGE_00261       	metator_00029_00001     	0.150835	99.24	27
MetaTOR_MGE_00262       	metator_00008_00000     	0.394349	99.06	64
MetaTOR_MGE_00263       	metator_00082_00000     	0.493975	99.29	23
MetaTOR_MGE_00264       	metator_00025_00000     	0.996707	98.07	142
MetaTOR_MGE_00265       	metator_00027_00003     	0.309799	93.20	33
MetaTOR_MGE_00266       	metator_00096_00000     	0.089834	95.32	12
MetaTOR_MGE_00081       	metator_00096_00000     	0.554644	98.26	34
MetaTOR_MGE_00061       	metator_00002_00002     	0.792034	94.50	100
MetaTOR_MGE_00098       	metator_00016_00000     	0.906306	99.16	34
MetaTOR_MGE_00072       	metator_00025_00000     	2.052810	98.67	146
MetaTOR_MGE_00268       	metator_00025_00000     	0.114578	98.82	80
MetaTOR_MGE_00015       	metator_00005_00001     	1.235545	99.07	112
MetaTOR_MGE_00012       	metator_00022_00000     	0.550582	99.74	125
MetaTOR_MGE_00075       	metator_00033_00000     	2.452232	98.98	101
MetaTOR_MGE_00052       	metator_00028_00001     	0.248838	19.59	11
MetaTOR_MGE_00052       	metator_00028_00002     	0.832460	65.53	25
MetaTOR_MGE_00052       	metator_00028_00003     	0.155774	12.26	10
MetaTOR_MGE_00271       	metator_00022_00000     	0.165178	99.72	34
MetaTOR_MGE_00272       	metator_00028_00001     	0.255106	55.24	11
MetaTOR_MGE_00272       	metator_00028_00002     	0.147386	31.92	22
MetaTOR_MGE_00273       	metator_00022_00000     	0.276645	100.00	68
MetaTOR_MGE_00024       	metator_00030_00000     	0.348687	97.64	54
MetaTOR_MGE_00084       	metator_00024_00000     	0.494594	92.53	27
MetaTOR_MGE_00274       	metator_00022_00000     	0.256486	99.95	66
MetaTOR_MGE_00275       	metator_00014_00000     	1.015889	99.48	57
MetaTOR_MGE_00276       	metator_00025_00000     	0.504007	98.17	128
MetaTOR_MGE_00069       	metator_00035_00000     	0.511756	95.01	30
MetaTOR_MGE_00277       	metator_00047_00000     	0.112327	100.00	20
MetaTOR_MGE_00278       	metator_00047_00000     	0.116071	99.21	22
MetaTOR_MGE_00005       	metator_00018_00003     	0.394824	97.85	50
MetaTOR_MGE_00011       	metator_00096_00000     	0.987158	98.48	35
MetaTOR_MGE_00280       	metator_00001_00000     	0.125579	99.03	91
MetaTOR_MGE_00282       	metator_00022_00000     	0.186228	100.00	40
MetaTOR_MGE_00283       	metator_00002_00002     	0.385049	96.29	81
MetaTOR_MGE_00284       	metator_00064_00002     	0.201116	89.17	34
MetaTOR_MGE_00285       	metator_00008_00000     	0.177667	100.00	34
MetaTOR_MGE_00287       	metator_00027_00001     	0.283940	80.21	31
MetaTOR_MGE_00287       	metator_00027_00004     	0.039983	11.30	9
MetaTOR_MGE_00289       	metator_00027_00006     	0.261741	93.45	34
MetaTOR_MGE_00035       	metator_00096_00000     	0.493655	98.24	32
MetaTOR_MGE_00057       	metator_00016_00000     	2.156133	99.92	69
MetaTOR_MGE_00291       	metator_00027_00005     	0.164934	98.25	74
MetaTOR_MGE_00292       	metator_00013_00000     	0.221509	100.00	17
MetaTOR_MGE_00293       	metator_00030_00000     	0.394421	94.45	64
MetaTOR_MGE_00295       	metator_00025_00000     	0.914789	98.39	138
MetaTOR_MGE_00297       	metator_00007_00000     	0.610157	100.00	6
MetaTOR_MGE_00298       	metator_00052_00000     	0.243513	99.48	53
MetaTOR_MGE_00071       	metator_00005_00002     	0.765965	86.90	62
MetaTOR_MGE_00299       	metator_00027_00005     	0.060477	100.00	14
MetaTOR_MGE_00300       	metator_00027_00005     	0.124637	98.57	56
MetaTOR_MGE_00301       	metator_00033_00000     	0.339120	99.73	52
MetaTOR_MGE_00302       	metator_00018_00001     	0.201184	90.80	86
MetaTOR_MGE_00303       	metator_00007_00000     	0.833651	99.90	22
MetaTOR_MGE_00305       	metator_00016_00000     	0.289745	99.09	9
MetaTOR_MGE_00306       	metator_00016_00000     	0.366917	100.00	10
MetaTOR_MGE_00307       	metator_00025_00000     	0.217515	98.80	104
MetaTOR_MGE_00309       	metator_00033_00000     	0.088277	99.79	24
MetaTOR_MGE_00310       	metator_00007_00000     	0.435194	100.00	6
MetaTOR_MGE_00070       	metator_00009_00003     	0.091154	26.84	9
MetaTOR_MGE_00070       	metator_00009_00002     	0.208169	61.29	13
MetaTOR_MGE_00311       	metator_00022_00000     	0.350959	99.71	104
MetaTOR_MGE_00312       	metator_00027_00002     	0.038711	71.05	12
MetaTOR_MGE_00312       	metator_00027_00006     	0.008660	15.89	5
MetaTOR_MGE_00313       	metator_00009_00003     	0.111087	60.49	9
MetaTOR_MGE_00313       	metator_00009_00002     	0.062493	34.03	11
MetaTOR_MGE_00315       	metator_00027_00006     	0.182382	91.05	25
MetaTOR_MGE_00317       	metator_00007_00000     	0.338650	100.00	6
MetaTOR_MGE_00318       	metator_00022_00000     	0.174722	99.92	61
MetaTOR_MGE_00319       	metator_00007_00000     	0.938643	100.00	10
MetaTOR_MGE_00080       	metator_00002_00004     	0.192908	16.50	67
MetaTOR_MGE_00080       	metator_00002_00003     	0.911531	77.98	120
MetaTOR_MGE_00322       	metator_00027_00003     	0.141871	36.04	30
MetaTOR_MGE_00322       	metator_00027_00006     	0.165058	41.93	44
MetaTOR_MGE_00322       	metator_00027_00002     	0.057822	14.69	31
MetaTOR_MGE_00323       	metator_00002_00002     	0.600192	94.43	97
MetaTOR_MGE_00326       	metator_00002_00004     	0.095234	10.02	62
MetaTOR_MGE_00326       	metator_00002_00003     	0.793893	83.53	123
MetaTOR_MGE_00023       	metator_00002_00003     	2.211305	76.53	126
MetaTOR_MGE_00023       	metator_00002_00004     	0.464944	16.09	74
MetaTOR_MGE_00327       	metator_00027_00006     	0.020991	37.06	8
MetaTOR_MGE_00327       	metator_00027_00002     	0.035651	62.94	10
MetaTOR_MGE_00329       	metator_00027_00003     	0.029209	73.76	10
MetaTOR_MGE_00330       	metator_00022_00000     	0.223014	100.00	41
MetaTOR_MGE_00331       	metator_00027_00005     	0.027744	100.00	11
MetaTOR_MGE_00332       	metator_00027_00006     	0.305445	83.64	38
MetaTOR_MGE_00333       	metator_00013_00000     	0.212709	100.00	32
MetaTOR_MGE_00334       	metator_00028_00005     	0.310813	79.11	29
MetaTOR_MGE_00335       	metator_00007_00000     	0.754483	100.00	25
MetaTOR_MGE_00336       	metator_00016_00000     	0.436171	99.87	28
MetaTOR_MGE_00337       	metator_00007_00000     	0.331470	99.60	16
MetaTOR_MGE_00076       	metator_00096_00000     	1.435300	96.43	39
MetaTOR_MGE_00339       	metator_00007_00000     	0.673419	100.00	16
MetaTOR_MGE_00340       	metator_00059_00000     	0.442399	99.54	90
MetaTOR_MGE_00060       	metator_00033_00000     	0.975097	99.47	88
MetaTOR_MGE_00342       	metator_00033_00000     	0.077420	99.00	25
MetaTOR_MGE_00343       	metator_00007_00000     	1.038453	99.72	77
MetaTOR_MGE_00344       	metator_00024_00000     	0.321538	91.36	27
MetaTOR_MGE_00347       	metator_00007_00000     	0.585962	100.00	22
MetaTOR_MGE_00348       	metator_00005_00002     	0.045016	17.14	29
MetaTOR_MGE_00348       	metator_00005_00004     	0.179044	68.19	28
MetaTOR_MGE_00348       	metator_00005_00003     	0.032229	12.27	24
MetaTOR_MGE_00349       	metator_00002_00004     	0.098614	14.43	63
MetaTOR_MGE_00349       	metator_00002_00003     	0.556545	81.44	110
MetaTOR_MGE_00350       	metator_00007_00000     	0.838334	100.00	10
MetaTOR_MGE_00351       	metator_00007_00000     	0.661022	99.63	23
MetaTOR_MGE_00353       	metator_00064_00003     	0.122950	96.36	23
MetaTOR_MGE_00355       	metator_00007_00000     	1.076760	100.00	13
MetaTOR_MGE_00357       	metator_00014_00000     	0.808220	100.00	42
MetaTOR_MGE_00358       	metator_00007_00000     	1.202828	99.98	26
MetaTOR_MGE_00360       	metator_00022_00000     	0.296296	99.80	75
MetaTOR_MGE_00361       	metator_00008_00000     	0.152906	96.93	27
MetaTOR_MGE_00362       	metator_00024_00000     	0.164797	90.12	19
MetaTOR_MGE_00363       	metator_00007_00000     	1.172632	99.56	41
MetaTOR_MGE_00365       	metator_00005_00002     	0.171877	91.57	35
MetaTOR_MGE_00366       	metator_00024_00000     	0.256058	94.51	21
MetaTOR_MGE_00049       	metator_00096_00000     	0.405372	95.77	36
MetaTOR_MGE_00367       	metator_00028_00004     	0.042008	84.10	32
MetaTOR_MGE_00368       	metator_00002_00001     	0.130333	92.30	34
MetaTOR_MGE_00369       	metator_00022_00000     	0.177776	100.00	33
MetaTOR_MGE_00031       	metator_00002_00004     	0.122185	16.50	54
MetaTOR_MGE_00031       	metator_00002_00003     	0.560723	75.73	103
MetaTOR_MGE_00372       	metator_00001_00000     	0.048166	98.90	60
MetaTOR_MGE_00373       	metator_00007_00000     	0.627110	99.25	9
MetaTOR_MGE_00099       	metator_00025_00000     	0.798249	98.43	135
MetaTOR_MGE_00096       	metator_00033_00000     	0.636264	99.39	72
MetaTOR_MGE_00375       	metator_00005_00002     	0.020247	16.32	15
MetaTOR_MGE_00375       	metator_00005_00003     	0.094586	76.23	25
MetaTOR_MGE_00376       	metator_00033_00000     	0.165335	99.49	35
MetaTOR_MGE_00377       	metator_00022_00000     	0.283040	99.72	50
MetaTOR_MGE_00378       	metator_00018_00003     	0.361258	96.96	52
MetaTOR_MGE_00379       	metator_00007_00000     	1.247550	99.16	76
MetaTOR_MGE_00380       	metator_00022_00000     	0.195162	100.00	25
MetaTOR_MGE_00382       	metator_00096_00000     	0.086402	97.98	15
MetaTOR_MGE_00383       	metator_00002_00004     	0.044549	22.66	40
MetaTOR_MGE_00383       	metator_00002_00003     	0.132422	67.35	66
MetaTOR_MGE_00386       	metator_00030_00000     	0.153948	99.31	26
MetaTOR_MGE_00387       	metator_00022_00000     	0.221498	99.12	66
MetaTOR_MGE_00388       	metator_00001_00000     	0.276369	99.21	121
MetaTOR_MGE_00389       	metator_00052_00000     	0.219515	99.13	62
MetaTOR_MGE_00390       	metator_00016_00000     	0.285521	99.66	19
MetaTOR_MGE_00391       	metator_00033_00000     	0.168889	99.64	40
MetaTOR_MGE_00392       	metator_00022_00000     	0.283324	99.79	91
MetaTOR_MGE_00393       	metator_00001_00000     	0.327996	99.88	83
MetaTOR_MGE_00394       	metator_00007_00000     	0.555424	99.65	21
MetaTOR_MGE_00395       	metator_00027_00005     	0.158474	99.19	64
MetaTOR_MGE_00396       	metator_00033_00000     	0.415835	99.75	71
MetaTOR_MGE_00398       	metator_00024_00000     	0.026368	96.81	10
MetaTOR_MGE_00401       	metator_00047_00000     	0.063502	100.00	16
MetaTOR_MGE_00402       	metator_00061_00000     	0.207890	98.72	59
MetaTOR_MGE_00403       	metator_00028_00001     	0.156718	24.98	10
MetaTOR_MGE_00403       	metator_00028_00002     	0.123936	19.76	21
MetaTOR_MGE_00403       	metator_00028_00003     	0.326966	52.12	11
MetaTOR_MGE_00405       	metator_00022_00000     	0.055990	98.97	12
MetaTOR_MGE_00406       	metator_00007_00000     	0.687322	99.52	18
MetaTOR_MGE_00409       	metator_00033_00000     	0.436245	99.27	76
MetaTOR_MGE_00410       	metator_00022_00000     	0.072444	100.00	12
MetaTOR_MGE_00411       	metator_00018_00003     	0.309636	95.86	50
MetaTOR_MGE_00412       	metator_00007_00000     	0.430555	100.00	9
MetaTOR_MGE_00413       	metator_00007_00000     	1.118786	99.65	42
MetaTOR_MGE_00414       	metator_00016_00000     	0.717776	99.95	32
MetaTOR_MGE_00417       	metator_00007_00000     	1.088162	99.65	62
MetaTOR_MGE_00418       	metator_00064_00001     	0.320809	96.47	37
MetaTOR_MGE_00420       	metator_00033_00000     	0.153904	98.77	27
MetaTOR_MGE_00422       	metator_00007_00000     	0.852608	100.00	19
MetaTOR_MGE_00423       	metator_00033_00000     	0.195551	100.00	25
MetaTOR_MGE_00424       	metator_00033_00000     	0.138740	100.00	25
MetaTOR_MGE_00425       	metator_00027_00006     	0.175106	87.24	27
MetaTOR_MGE_00425       	metator_00027_00002     	0.022408	11.16	6
MetaTOR_MGE_00427       	metator_00028_00001     	0.031977	17.77	10
MetaTOR_MGE_00427       	metator_00028_00002     	0.053933	29.97	17
MetaTOR_MGE_00427       	metator_00028_00003     	0.088652	49.27	8
MetaTOR_MGE_00428       	metator_00096_00000     	0.180233	96.12	25
MetaTOR_MGE_00430       	metator_00007_00000     	1.093158	100.00	15
MetaTOR_MGE_00431       	metator_00007_00000     	0.925782	99.88	42
MetaTOR_MGE_00432       	metator_00013_00000     	0.221703	100.00	22
MetaTOR_MGE_00433       	metator_00005_00001     	0.532802	98.66	109
MetaTOR_MGE_00065       	metator_00059_00000     	0.747676	99.30	109
MetaTOR_MGE_00434       	metator_00005_00003     	0.034156	87.37	9
MetaTOR_MGE_00435       	metator_00007_00000     	0.295657	100.00	14
MetaTOR_MGE_00436       	metator_00030_00000     	0.363344	95.21	67
MetaTOR_MGE_00437       	metator_00007_00000     	0.777978	100.00	7
MetaTOR_MGE_00440       	metator_00009_00003     	0.036349	23.74	8
MetaTOR_MGE_00440       	metator_00009_00002     	0.094333	61.60	12
MetaTOR_MGE_00092       	metator_00024_00000     	0.298127	93.22	21
MetaTOR_MGE_00441       	metator_00005_00001     	0.229516	98.25	62
MetaTOR_MGE_00442       	metator_00022_00000     	0.115909	99.67	24
MetaTOR_MGE_00443       	metator_00007_00000     	0.712414	99.93	14
MetaTOR_MGE_00444       	metator_00022_00000     	0.236466	99.96	55
MetaTOR_MGE_00445       	metator_00047_00000     	0.115164	99.61	22
MetaTOR_MGE_00446       	metator_00047_00000     	0.076657	98.67	17
MetaTOR_MGE_00447       	metator_00024_00000     	0.146310	90.22	17
MetaTOR_MGE_00448       	metator_00035_00000     	0.143898	92.66	13
MetaTOR_MGE_00450       	metator_00007_00000     	0.628071	100.00	8
MetaTOR_MGE_00451       	metator_00002_00002     	0.197108	94.32	64
MetaTOR_MGE_00452       	metator_00022_00000     	0.342363	99.82	98
MetaTOR_MGE_00453       	metator_00002_00002     	0.123901	90.14	56
MetaTOR_MGE_00454       	metator_00022_00000     	0.189098	99.47	50
MetaTOR_MGE_00455       	metator_00064_00001     	0.059354	100.00	14
MetaTOR_MGE_00456       	metator_00007_00000     	0.369471	100.00	8
MetaTOR_MGE_00457       	metator_00007_00000     	0.735121	99.57	14
MetaTOR_MGE_00458       	metator_00013_00000     	0.310346	95.78	32
MetaTOR_MGE_00459       	metator_00007_00000     	0.796819	100.00	31
MetaTOR_MGE_00460       	metator_00022_00000     	0.125643	99.40	24
MetaTOR_MGE_00461       	metator_00027_00002     	0.360630	93.35	33
MetaTOR_MGE_00462       	metator_00001_00000     	0.294024	98.69	118
MetaTOR_MGE_00463       	metator_00013_00000     	0.158757	100.00	10
MetaTOR_MGE_00464       	metator_00007_00000     	0.644749	100.00	8
MetaTOR_MGE_00465       	metator_00007_00000     	1.029747	99.77	12
MetaTOR_MGE_00466       	metator_00022_00000     	0.208123	99.87	47
MetaTOR_MGE_00467       	metator_00022_00000     	0.179595	99.91	47
MetaTOR_MGE_00468       	metator_00007_00000     	0.913267	98.99	26
MetaTOR_MGE_00469       	metator_00028_00002     	0.302931	63.79	23
MetaTOR_MGE_00469       	metator_00028_00001     	0.094538	19.91	10
MetaTOR_MGE_00469       	metator_00028_00003     	0.062144	13.09	9
MetaTOR_MGE_00470       	metator_00005_00001     	0.759421	98.51	119
MetaTOR_MGE_00471       	metator_00027_00003     	0.430066	96.67	37
MetaTOR_MGE_00472       	metator_00025_00000     	0.576917	98.50	125
MetaTOR_MGE_00473       	metator_00002_00004     	0.071547	20.66	36
MetaTOR_MGE_00473       	metator_00002_00003     	0.259554	74.96	61
MetaTOR_MGE_00476       	metator_00059_00000     	0.181030	98.91	37
MetaTOR_MGE_00477       	metator_00033_00000     	0.153627	100.00	24
MetaTOR_MGE_00479       	metator_00007_00000     	0.836479	99.75	11
MetaTOR_MGE_00481       	metator_00059_00000     	0.146371	100.00	28
MetaTOR_MGE_00482       	metator_00022_00000     	0.237803	99.83	54
MetaTOR_MGE_00484       	metator_00013_00000     	0.219634	100.00	20
MetaTOR_MGE_00485       	metator_00007_00000     	0.898391	98.08	47
MetaTOR_MGE_00048       	metator_00002_00004     	0.065221	11.09	41
MetaTOR_MGE_00048       	metator_00002_00003     	0.496677	84.48	88
MetaTOR_MGE_00486       	metator_00028_00002     	0.233588	82.41	19
MetaTOR_MGE_00487       	metator_00033_00000     	0.083904	100.00	27
MetaTOR_MGE_00488       	metator_00025_00000     	0.239851	98.33	98
MetaTOR_MGE_00489       	metator_00007_00000     	0.777659	100.00	9
MetaTOR_MGE_00101       	metator_00018_00003     	0.383702	98.36	47
MetaTOR_MGE_00492       	metator_00028_00002     	0.253102	58.65	25
MetaTOR_MGE_00492       	metator_00028_00001     	0.111998	25.95	11
MetaTOR_MGE_00492       	metator_00028_00003     	0.057701	13.37	9
MetaTOR_MGE_00495       	metator_00002_00004     	0.044073	26.24	30
MetaTOR_MGE_00495       	metator_00002_00003     	0.108673	64.71	49
MetaTOR_MGE_00497       	metator_00022_00000     	0.290105	99.63	76
MetaTOR_MGE_00498       	metator_00022_00000     	0.365541	99.93	71
MetaTOR_MGE_00499       	metator_00007_00000     	0.549390	99.89	25
MetaTOR_MGE_00040       	metator_00005_00002     	0.121246	15.85	43
MetaTOR_MGE_00040       	metator_00005_00003     	0.217190	28.39	42
MetaTOR_MGE_00040       	metator_00005_00004     	0.409350	53.52	40
MetaTOR_MGE_00500       	metator_00013_00000     	0.169317	100.00	16
MetaTOR_MGE_00501       	metator_00022_00000     	0.184861	99.66	46
MetaTOR_MGE_00503       	metator_00022_00000     	0.169148	100.00	41
MetaTOR_MGE_00507       	metator_00096_00000     	0.605884	96.04	41
MetaTOR_MGE_00508       	metator_00028_00002     	0.092443	16.69	23
MetaTOR_MGE_00508       	metator_00028_00001     	0.171262	30.92	11
MetaTOR_MGE_00508       	metator_00028_00003     	0.271684	49.05	11
MetaTOR_MGE_00509       	metator_00013_00000     	0.158945	100.00	7
MetaTOR_MGE_00510       	metator_00013_00000     	0.086659	100.00	6
MetaTOR_MGE_00511       	metator_00001_00000     	0.043878	92.17	17
MetaTOR_MGE_00512       	metator_00030_00000     	0.121501	98.62	36
MetaTOR_MGE_00514       	metator_00018_00001     	0.159027	98.45	81
MetaTOR_MGE_00515       	metator_00007_00000     	0.898590	99.92	16
MetaTOR_MGE_00516       	metator_00007_00000     	0.826874	99.87	9
MetaTOR_MGE_00518       	metator_00002_00004     	0.054315	16.21	48
MetaTOR_MGE_00518       	metator_00002_00003     	0.239815	71.58	86
MetaTOR_MGE_00520       	metator_00016_00000     	0.376826	99.15	12
MetaTOR_MGE_00522       	metator_00033_00000     	0.174772	99.55	28
MetaTOR_MGE_00523       	metator_00096_00000     	0.447166	95.59	37
MetaTOR_MGE_00526       	metator_00082_00000     	0.514204	97.11	31
MetaTOR_MGE_00527       	metator_00016_00000     	0.468859	99.69	23
MetaTOR_MGE_00528       	metator_00016_00000     	0.459527	100.00	20
MetaTOR_MGE_00529       	metator_00033_00000     	0.195907	100.00	45
MetaTOR_MGE_00530       	metator_00022_00000     	0.314524	99.98	80
MetaTOR_MGE_00532       	metator_00007_00000     	0.585294	99.78	20
MetaTOR_MGE_00533       	metator_00007_00000     	0.918637	99.91	35
MetaTOR_MGE_00534       	metator_00002_00003     	0.368010	84.35	89
MetaTOR_MGE_00535       	metator_00027_00006     	0.015781	17.41	9
MetaTOR_MGE_00535       	metator_00027_00002     	0.068819	75.90	13
MetaTOR_MGE_00536       	metator_00027_00003     	0.051204	55.46	15
MetaTOR_MGE_00536       	metator_00027_00001     	0.035497	38.45	13
MetaTOR_MGE_00537       	metator_00059_00000     	0.233750	99.46	34
MetaTOR_MGE_00538       	metator_00033_00000     	0.486794	99.66	73
MetaTOR_MGE_00539       	metator_00009_00002     	0.314886	40.54	18
MetaTOR_MGE_00539       	metator_00009_00003     	0.368420	47.43	14
MetaTOR_MGE_00540       	metator_00022_00000     	0.313835	100.00	8
MetaTOR_MGE_00541       	metator_00009_00002     	0.131633	31.78	15
MetaTOR_MGE_00541       	metator_00009_00003     	0.234020	56.51	10
MetaTOR_MGE_00542       	metator_00022_00000     	0.182945	100.00	40
MetaTOR_MGE_00543       	metator_00022_00000     	0.089704	98.63	17
MetaTOR_MGE_00544       	metator_00016_00000     	0.579305	99.97	22
MetaTOR_MGE_00545       	metator_00024_00000     	0.160465	90.62	18
MetaTOR_MGE_00546       	metator_00022_00000     	0.164321	99.89	41
MetaTOR_MGE_00549       	metator_00027_00001     	0.016818	26.07	8
MetaTOR_MGE_00549       	metator_00027_00003     	0.044788	69.42	12
MetaTOR_MGE_00550       	metator_00013_00000     	0.230442	100.00	10
MetaTOR_MGE_00553       	metator_00022_00000     	0.510400	100.00	10
MetaTOR_MGE_00554       	metator_00007_00000     	0.749389	99.98	35
MetaTOR_MGE_00555       	metator_00022_00000     	0.082817	100.00	17
MetaTOR_MGE_00556       	metator_00002_00002     	0.123909	93.38	55
MetaTOR_MGE_00557       	metator_00008_00000     	0.229208	100.00	36
MetaTOR_MGE_00558       	metator_00014_00000     	0.404517	100.00	15
MetaTOR_MGE_00559       	metator_00030_00000     	0.410589	97.14	58
MetaTOR_MGE_00560       	metator_00007_00000     	1.052208	99.65	27
MetaTOR_MGE_00561       	metator_00016_00000     	0.754147	99.57	52
MetaTOR_MGE_00562       	metator_00059_00000     	0.339503	90.18	160
MetaTOR_MGE_00563       	metator_00064_00001     	0.256360	99.86	33
MetaTOR_MGE_00565       	metator_00027_00002     	0.117982	41.39	33
MetaTOR_MGE_00565       	metator_00027_00006     	0.158722	55.68	42
MetaTOR_MGE_00566       	metator_00061_00000     	0.161787	95.57	51
